Date,Name,Year,Letterboxd URI,Rating
2025-03-26,The Passion of Joan of Arc,1928,https://boxd.it/29DO,5
2025-03-26,It's a Wonderful Life,1946,https://boxd.it/28xA,5
2025-03-26,To Be or Not to Be,1942,https://boxd.it/2aTy,5
2025-03-26,Ikiru,1952,https://boxd.it/251c,5
2025-03-26,Rear Window,1954,https://boxd.it/2a6Q,5
2025-03-26,Harakiri,1962,https://boxd.it/1NTU,5
2025-03-26,"The Good, the Bad and the Ugly",1966,https://boxd.it/2ape,5
2025-03-26,Once Upon a Time in the West,1968,https://boxd.it/2az4,5
2025-03-26,The Cremator,1969,https://boxd.it/1H8y,5
2025-03-26,The Godfather Part II,1974,https://boxd.it/2aNq,5
2025-03-26,The Godfather,1972,https://boxd.it/2aNK,5
2025-03-26,Mirror,1975,https://boxd.it/28Q8,5
2025-03-26,The Fifth Seal,1976,https://boxd.it/2GNW,5
2025-03-26,State of Siege,1972,https://boxd.it/3dao,5
2025-03-26,Grave of the Fireflies,1988,https://boxd.it/1RUM,5
2025-03-26,Where Is the Friend's House?,1987,https://boxd.it/ELg,5
2025-03-26,La Haine,1995,https://boxd.it/2as8,5
2025-03-26,The Shawshank Redemption,1994,https://boxd.it/2aHi,5
2025-03-26,Taste of Cherry,1997,https://boxd.it/1m8W,5
2025-03-26,Princess Mononoke,1997,https://boxd.it/2b4w,5
2025-03-26,The Lord of the Rings: The Fellowship of the Ring,2001,https://boxd.it/2b5O,5
2025-03-26,The Dark Knight,2008,https://boxd.it/2b0k,5
2025-03-26,Werckmeister Harmonies,2000,https://boxd.it/1zzw,5
2025-03-26,The Prestige,2006,https://boxd.it/293w,5
2025-03-26,Howl's Moving Castle,2004,https://boxd.it/23De,5
2025-03-26,The Prince of Egypt,1998,https://boxd.it/1XGQ,5
2025-03-26,The Son,2002,https://boxd.it/1cG0,5
2025-03-26,Poetry,2010,https://boxd.it/JAs,5
2025-03-26,Inception,2010,https://boxd.it/1skk,5
2025-03-26,Shame,2011,https://boxd.it/2CxU,5
2025-03-26,The Hunt,2012,https://boxd.it/3wEC,5
2025-03-26,12 Years a Slave,2013,https://boxd.it/2D2e,5
2025-03-26,Silence,2016,https://boxd.it/2cAo,5
2025-03-26,Phantom Thread,2017,https://boxd.it/e4uc,5
2025-03-26,Parasite,2019,https://boxd.it/hTha,5
2025-03-26,The Father,2020,https://boxd.it/m8Ie,5
2025-03-26,Aftersun,2022,https://boxd.it/Arw0,5
2025-03-26,Perfect Days,2023,https://boxd.it/ATh8,5
2025-03-26,Fight Club,1999,https://boxd.it/2a9q,4.5
2025-03-26,Heat,1995,https://boxd.it/2bg8,4.5
2025-03-26,Hercules,1997,https://boxd.it/1SDW,4.5
2025-03-26,Of Gods and Men,2010,https://boxd.it/Nq2,4.5
2025-03-26,Paterson,2016,https://boxd.it/cRk2,4.5
2025-03-26,Arrival,2016,https://boxd.it/aNGk,4.5
2025-03-26,Dear Comrades!,2020,https://boxd.it/lCs4,4.5
2025-03-26,Sound of Metal,2019,https://boxd.it/i7Q4,4.5
2025-03-26,Burning,2018,https://boxd.it/hHUa,4.5
2025-03-26,Son of Saul,2015,https://boxd.it/b6r4,4.5
2025-03-26,Another Round,2020,https://boxd.it/lkba,4.5
2025-03-26,The Intouchables,2011,https://boxd.it/2FT0,4.5
2025-03-26,The Green Knight,2021,https://boxd.it/kuy2,4.5
2025-03-26,The Banshees of Inisherin,2022,https://boxd.it/p7XS,4.5
2025-03-26,Drive My Car,2021,https://boxd.it/sv94,4.5
2025-03-26,Uncut Gems,2019,https://boxd.it/gXGc,4.5
2025-03-26,Leviathan,2014,https://boxd.it/7Ub8,4.5
2025-03-26,Ripley,2024,https://boxd.it/LT5S,4.5
2025-03-26,Spirited Away,2001,https://boxd.it/2b4m,4.5
2025-03-26,Groundhog Day,1993,https://boxd.it/2b3e,4.5
2025-03-26,Reservoir Dogs,1992,https://boxd.it/2agc,5
2025-03-26,Winter Light,1963,https://boxd.it/1nrU,4.5
2025-03-26,Magnolia,1999,https://boxd.it/2aze,4.5
2025-03-26,High and Low,1963,https://boxd.it/1RSc,4.5
2025-03-26,Land of Mine,2015,https://boxd.it/b5ee,4.5
2025-03-26,Death by Hanging,1968,https://boxd.it/3nPm,4.5
2025-03-26,The Lord of the Rings: The Return of the King,2003,https://boxd.it/2b5u,4.5
2025-03-26,The Lord of the Rings: The Two Towers,2002,https://boxd.it/2b5E,4.5
2025-03-26,Memories of Murder,2003,https://boxd.it/1TSo,5
2025-03-26,One Flew Over the Cuckoo's Nest,1975,https://boxd.it/2aeA,4.5
2025-03-26,Before Sunrise,1995,https://boxd.it/2bcU,4.5
2025-03-26,Dr. Strangelove or: How I Learned to Stop Worrying and Love the Bomb,1964,https://boxd.it/29eY,4.5
2025-03-26,"Life, and Nothing More…",1992,https://boxd.it/2WEc,4
2025-03-26,The Hateful Eight,2015,https://boxd.it/8gw8,4
2025-03-26,Taxi Driver,1976,https://boxd.it/2b8y,4.5
2025-03-26,Cape Fear,1991,https://boxd.it/28vu,4
2025-03-26,The White Ribbon,2009,https://boxd.it/17eU,4
2025-03-26,WALL·E,2008,https://boxd.it/1VEo,4.5
2025-03-26,The Deer Hunter,1978,https://boxd.it/1T6O,4
2025-03-26,F for Fake,1973,https://boxd.it/VxA,4.5
2025-03-26,My Neighbor Totoro,1988,https://boxd.it/20eA,4.5
2025-03-26,Nausicaä of the Valley of the Wind,1984,https://boxd.it/2bc6,4
2025-03-26,The Conversation,1974,https://boxd.it/2a38,4
2025-03-26,The Fire Within,1963,https://boxd.it/26AM,4
2025-03-26,Coco,2017,https://boxd.it/bYJQ,4
2025-03-26,The Thin Red Line,1998,https://boxd.it/1ZTM,4
2025-03-26,Godzilla Minus One,2023,https://boxd.it/zu4c,4
2025-03-26,First Reformed,2017,https://boxd.it/go9C,4
2025-03-26,I Saw the Devil,2010,https://boxd.it/FaK,4
2025-03-26,Jojo Rabbit,2019,https://boxd.it/iEBG,4
2025-03-26,The Lighthouse,2019,https://boxd.it/icFU,4.5
2025-03-26,Skyfall,2012,https://boxd.it/17Fc,4
2025-03-26,The Master,2012,https://boxd.it/2cBG,4.5
2025-03-26,There Will Be Blood,2007,https://boxd.it/20Z2,5
2025-03-26,The Confession,1970,https://boxd.it/f0k,5
2025-03-26,Christ Stopped at Eboli,1979,https://boxd.it/Xz4,4
2025-03-26,Warrior,2011,https://boxd.it/i3G,4
2025-03-26,Life of Brian,1979,https://boxd.it/2a4q,4
2025-03-26,The Wailing,2016,https://boxd.it/9fLy,4
2025-03-26,The Promised Land,2023,https://boxd.it/B1hA,4
2025-03-26,Don't Look Now... We're Being Shot At!,1966,https://boxd.it/20oq,4
2025-03-26,The Worst Person in the World,2021,https://boxd.it/oyws,4
2025-03-26,The Farewell,2019,https://boxd.it/kIky,4
2025-03-26,Wheel of Fortune and Fantasy,2021,https://boxd.it/tWcm,4
2025-03-26,The Social Network,2010,https://boxd.it/17ue,4
2025-03-26,TÁR,2022,https://boxd.it/uNIA,4
2025-03-26,Serpico,1973,https://boxd.it/1ZjE,4
2025-03-26,Anora,2024,https://boxd.it/Egcw,4
2025-03-26,Love and Death,1975,https://boxd.it/1TeS,4
2025-03-26,Mississippi Burning,1988,https://boxd.it/28r8,4
2025-03-26,John Wick,2014,https://boxd.it/7dEc,4
2025-03-26,Rush,2013,https://boxd.it/3lyS,4
2025-03-26,After Yang,2021,https://boxd.it/lx5a,4
2025-03-26,Babylon,2022,https://boxd.it/mM02,4
2025-03-26,The Captain,2017,https://boxd.it/h2os,4
2025-03-26,Collateral,2004,https://boxd.it/28F0,4
2025-03-26,Calvary,2014,https://boxd.it/4WE6,4
2025-03-26,Lost in Translation,2003,https://boxd.it/2b0E,4
2025-03-26,The Secret Life of Walter Mitty,2013,https://boxd.it/3SWy,4
2025-03-26,Stranger Than Fiction,2006,https://boxd.it/28Za,4
2025-03-26,Edge of Tomorrow,2014,https://boxd.it/4pD0,4
2025-03-26,Fury,2014,https://boxd.it/6JwC,4
2025-03-26,Through the Olive Trees,1994,https://boxd.it/Lx6,4
2025-03-26,Prisoners,2013,https://boxd.it/4E5i,4.5
2025-03-26,Dead Poets Society,1989,https://boxd.it/2aSg,4
2025-03-26,Prometheus,2012,https://boxd.it/2s9e,4
2025-03-26,Before Sunset,2004,https://boxd.it/2bcg,4
2025-03-28,Gladiator,2000,https://boxd.it/2b9m,4.5
2025-03-28,Chernobyl,2019,https://boxd.it/mkbG,4.5
2025-03-28,Schindler's List,1993,https://boxd.it/2aq2,4
2025-03-28,Chinatown,1974,https://boxd.it/29vU,4
2025-03-28,RRR,2022,https://boxd.it/ljDs,4
2025-03-28,Judas and the Black Messiah,2021,https://boxd.it/lsew,4
2025-03-28,Killers of the Flower Moon,2023,https://boxd.it/gHp0,4.5
2025-03-28,Athena,2022,https://boxd.it/waii,4.5
2025-03-28,The Big Lebowski,1998,https://boxd.it/2b6C,4.5
2025-07-02,Snow White and the Seven Dwarfs,1937,https://boxd.it/2arO,4.5
2025-07-02,Citizen Kane,1941,https://boxd.it/71O,5
2025-07-02,Le Samouraï,1967,https://boxd.it/22ZI,4
2025-07-02,Rope,1948,https://boxd.it/28yo,3
2025-07-02,Daisies,1966,https://boxd.it/LZk,4
2025-07-02,Mouchette,1967,https://boxd.it/28Bs,4
2025-07-02,The Terribly Sad Princess,1968,https://boxd.it/22Vc,3.5
2025-07-02,Larks on a String,1969,https://boxd.it/1SAy,5
2025-07-02,Men About Town,1969,https://boxd.it/CQS,4.5
2025-07-02,The Party and the Guests,1966,https://boxd.it/3zve,4
2025-07-02,The Joke,1969,https://boxd.it/3A8q,4
2025-07-02,Ikarie XB 1,1963,https://boxd.it/1EzG,3.5
2025-07-02,The Brain,1969,https://boxd.it/1fum,3.5
2025-07-02,Stalker,1979,https://boxd.it/28PO,5
2025-07-02,Paper Moon,1973,https://boxd.it/1Ud2,4.5
2025-07-02,Apocalypse Now,1979,https://boxd.it/6ZS,4
2025-07-02,Alien,1979,https://boxd.it/2awY,4
2025-07-02,Pictures of the Old World,1972,https://boxd.it/45Wc,4
2025-07-02,Dog Day Afternoon,1975,https://boxd.it/29bg,4
2025-07-02,Days of Heaven,1978,https://boxd.it/1JRg,3.5
2025-07-02,Kramer vs. Kramer,1979,https://boxd.it/h0w,4
2025-07-02,Fantastic Planet,1973,https://boxd.it/1KnQ,4
2025-07-02,The Day of the Jackal,1973,https://boxd.it/23GM,3
2025-07-02,The Friends of Eddie Coyle,1973,https://boxd.it/1vki,3
2025-07-02,We Won't Grow Old Together,1972,https://boxd.it/9ma,4.5
2025-07-02,The Third Part of the Night,1971,https://boxd.it/Miw,3.5
2025-07-02,The Devil,1972,https://boxd.it/3iRC,3.5
2025-07-02,Scarecrow,1973,https://boxd.it/1iLU,3.5
2025-07-02,Dirty Harry,1971,https://boxd.it/299E,3
2025-07-02,Murmur of the Heart,1971,https://boxd.it/WKg,3
2025-07-02,Straw Dogs,1971,https://boxd.it/2982,3
2025-07-02,Rocky II,1979,https://boxd.it/28Ua,3.5
2025-07-02,Escape from Alcatraz,1979,https://boxd.it/1Vwk,3.5
2025-07-02,Night Moves,1975,https://boxd.it/1hRM,3
2025-07-02,Marathon Man,1976,https://boxd.it/1W4c,3
2025-07-02,Mean Streets,1973,https://boxd.it/2aSU,4
2025-07-02,Man on the Roof,1976,https://boxd.it/1vim,3
2025-07-02,The Panic in Needle Park,1971,https://boxd.it/1rwu,4
2025-07-02,"Watch Out, We're Mad",1974,https://boxd.it/21kk,4
2025-07-02,"You Are a Widow, Sir",1971,https://boxd.it/5084,3.5
2025-07-02,Trinity Is Still My Name,1971,https://boxd.it/1SZo,4
2025-07-02,The Married Couple of the Year Two,1971,https://boxd.it/24yY,4
2025-07-02,They Call Me Trinity,1970,https://boxd.it/1YNe,4
2025-07-02,Now Where Did the Seventh Company Get to?,1973,https://boxd.it/3fYg,4
2025-07-02,The Seventh Company Has Been Found,1975,https://boxd.it/e65S,4
2025-07-02,The Seventh Company Outdoors,1977,https://boxd.it/oJy,4
2025-07-02,My Dinner with Andre,1981,https://boxd.it/1vLe,3.5
2025-07-02,Aliens,1986,https://boxd.it/29PA,3.5
2025-07-02,Thief,1981,https://boxd.it/1TEc,3.5
2025-07-02,Die Hard,1988,https://boxd.it/2a7u,4.5
2025-07-02,Castle in the Sky,1986,https://boxd.it/1W4G,4
2025-07-02,Platoon,1986,https://boxd.it/29BS,3.5
2025-07-02,To Live and Die in L.A.,1985,https://boxd.it/1XFo,3
2025-07-02,Rain Man,1988,https://boxd.it/2avw,4
2025-07-02,Midnight Run,1988,https://boxd.it/1ZnQ,3
2025-07-02,Ghostbusters,1984,https://boxd.it/g2w,3
2025-07-02,Witness,1985,https://boxd.it/1Z4O,3
2025-07-02,The Snowdrop Festival,1984,https://boxd.it/Quw,4
2025-07-02,Coming to America,1988,https://boxd.it/1Ygu,3.5
2025-07-02,The Little Mermaid,1989,https://boxd.it/1WYO,3
2025-07-02,Rocky III,1982,https://boxd.it/28Tw,3
2025-07-02,All Dogs Go to Heaven,1989,https://boxd.it/1TIo,3
2025-07-02,48 Hrs.,1982,https://boxd.it/2b18,3
2025-07-02,Pride and Prejudice,1995,https://boxd.it/g97G,4
2025-07-02,The Silence of the Lambs,1991,https://boxd.it/2aHW,4
2025-07-02,Good Will Hunting,1997,https://boxd.it/2ahY,4
2025-07-02,The Straight Story,1999,https://boxd.it/2ass,4.5
2025-07-02,Fireworks,1997,https://boxd.it/22mQ,4
2025-07-02,Pulp Fiction,1994,https://boxd.it/29Pq,4
2025-07-02,Mulan,1998,https://boxd.it/1VFw,3.5
2025-07-02,Carlito's Way,1993,https://boxd.it/226e,3
2025-07-02,The Usual Suspects,1995,https://boxd.it/29XE,3.5
2025-07-02,Léon: The Professional,1994,https://boxd.it/2b8S,4
2025-07-02,Miller's Crossing,1990,https://boxd.it/2avG,4
2025-07-02,Awakenings,1990,https://boxd.it/1USu,3.5
2025-07-02,Man Bites Dog,1992,https://boxd.it/1X7Q,4.5
2025-07-02,Tarzan,1999,https://boxd.it/18YO,4
2025-07-02,Inglourious Basterds,2009,https://boxd.it/1JzG,4
2025-07-02,Death Note,2006,https://boxd.it/psEs,3
2025-07-02,Pride & Prejudice,2005,https://boxd.it/24u8,4
2025-07-02,Catch Me If You Can,2002,https://boxd.it/29VS,4
2025-07-02,Casino Royale,2006,https://boxd.it/1alk,4
2025-07-02,Training Day,2001,https://boxd.it/27A4,3.5
2025-07-02,Donnie Darko,2001,https://boxd.it/2b2A,3.5
2025-07-02,Master and Commander: The Far Side of the World,2003,https://boxd.it/200S,3.5
2025-07-02,"O Brother, Where Art Thou?",2000,https://boxd.it/2b3I,3.5
2025-07-02,Iron Man,2008,https://boxd.it/28dA,4
2025-07-02,The Last Samurai,2003,https://boxd.it/29ZA,3.5
2025-07-02,Gangs of New York,2002,https://boxd.it/25FG,3.5
2025-07-02,The Bourne Ultimatum,2007,https://boxd.it/26Eu,3
2025-07-02,Blood Diamond,2006,https://boxd.it/28Tm,3
2025-07-02,Mesrine: Public Enemy #1,2008,https://boxd.it/1Mo2,3.5
2025-07-02,Mesrine: Killer Instinct,2008,https://boxd.it/1PKA,3.5
2025-07-02,Public Enemies,2009,https://boxd.it/1U8m,3.5
2025-07-02,Pirates of the Caribbean: Dead Man's Chest,2006,https://boxd.it/2bfk,3.5
2025-07-02,Pirates of the Caribbean: At World's End,2007,https://boxd.it/2aGu,3.5
2025-07-02,The Mummy Returns,2001,https://boxd.it/28cs,3.5
2025-07-02,Pirates of the Caribbean: The Curse of the Black Pearl,2003,https://boxd.it/70G,4
2025-07-02,The Mummy,1999,https://boxd.it/2a7a,4
2025-07-02,The Mummy: Tomb of the Dragon Emperor,2008,https://boxd.it/28ci,3
2025-07-02,Prince of Persia: The Sands of Time,2010,https://boxd.it/1YpQ,3.5
2025-07-02,Thor,2011,https://boxd.it/1WQU,3.5
2025-07-02,Thor: Ragnarok,2017,https://boxd.it/8MHi,3
2025-07-02,Thor: The Dark World,2013,https://boxd.it/2DqA,3.5
2025-07-02,The Avengers,2012,https://boxd.it/1xFW,3.5
2025-07-02,Avengers: Age of Ultron,2015,https://boxd.it/3qi6,3.5
2025-07-02,Avengers: Endgame,2019,https://boxd.it/9vE4,3
2025-07-02,Man of Steel,2013,https://boxd.it/FRk,4
2025-07-02,The Bourne Identity,2002,https://boxd.it/26EO,4
2025-07-02,The Bourne Legacy,2012,https://boxd.it/H16,3
2025-07-02,The Bourne Supremacy,2004,https://boxd.it/26EE,3.5
2025-07-02,Quantum of Solace,2008,https://boxd.it/1Vs8,3
2025-07-02,Raiders of the Lost Ark,1981,https://boxd.it/2bbs,4
2025-07-02,King Arthur: Legend of the Sword,2017,https://boxd.it/8lDS,3.5
2025-07-02,Indiana Jones and the Kingdom of the Crystal Skull,2008,https://boxd.it/2aR8,3
2025-07-02,Clash of the Titans,2010,https://boxd.it/1GfI,3.5
2025-07-02,The Hobbit: The Battle of the Five Armies,2014,https://boxd.it/43aU,4.5
2025-07-02,Mission: Impossible – Fallout,2018,https://boxd.it/bSVc,4
2025-07-02,The Hobbit: An Unexpected Journey,2012,https://boxd.it/GZk,4.5
2025-07-02,The Hobbit: The Desolation of Smaug,2013,https://boxd.it/nmS,4
2025-07-02,Mission: Impossible – Ghost Protocol,2011,https://boxd.it/psI,4
2025-07-02,Mission: Impossible – Rogue Nation,2015,https://boxd.it/5rI4,3.5
2025-07-02,Avatar,2009,https://boxd.it/1Efm,4
2025-07-02,The Hangover,2009,https://boxd.it/1GjK,4
2025-07-02,Kingdom of Heaven,2005,https://boxd.it/28Gs,4
2025-07-02,Star Trek,2009,https://boxd.it/1Q6c,4
2025-07-02,Funny Games,2007,https://boxd.it/207a,4
2025-07-02,Angel-A,2005,https://boxd.it/1UjO,3.5
2025-07-02,Sinbad: Legend of the Seven Seas,2003,https://boxd.it/1Oa2,3.5
2025-07-02,Insomnia,2002,https://boxd.it/2aB0,3
2025-07-02,Layer Cake,2004,https://boxd.it/23LC,3
2025-07-02,Sherlock Holmes,2009,https://boxd.it/1W2A,4
2025-07-02,Taken,2008,https://boxd.it/1ZXa,4
2025-07-02,Sherlock Holmes: A Game of Shadows,2011,https://boxd.it/k3S,4
2025-07-02,Law Abiding Citizen,2009,https://boxd.it/1A2I,3.5
2025-07-02,Constantine,2005,https://boxd.it/2a7E,3.5
2025-07-02,Defiance,2008,https://boxd.it/1Pme,3.5
2025-07-02,The Crimson Rivers,2000,https://boxd.it/ftG,3
2025-07-02,Phone Booth,2002,https://boxd.it/285G,3.5
2025-07-02,"I, Robot",2004,https://boxd.it/27y8,3
2025-07-02,Batman Begins,2005,https://boxd.it/2aIg,4
2025-07-02,The Dark Knight Rises,2012,https://boxd.it/H3m,3
2025-07-02,"10,000 BC",2008,https://boxd.it/20NK,3
2025-07-02,The Incredible Hulk,2008,https://boxd.it/28dU,4
2025-07-02,X-Men Origins: Wolverine,2009,https://boxd.it/27ug,4
2025-07-02,Spider-Man,2002,https://boxd.it/2a8i,3.5
2025-07-02,Spider-Man 2,2004,https://boxd.it/2a88,4
2025-07-02,Spider-Man 3,2007,https://boxd.it/2a7Y,3.5
2025-07-02,The Amazing Spider-Man,2012,https://boxd.it/27PI,3.5
2025-07-02,The Amazing Spider-Man 2,2014,https://boxd.it/3utM,3.5
2025-07-02,Whiplash,2014,https://boxd.it/7bQA,4
2025-07-02,Django Unchained,2012,https://boxd.it/2cCk,4
2025-07-02,BlacKkKlansman,2018,https://boxd.it/hxL8,3
2025-07-02,Knives Out,2019,https://boxd.it/jWEA,3
2025-07-02,Call Me by Your Name,2017,https://boxd.it/dYmm,4
2025-07-02,The Spy,2019,https://boxd.it/nlig,4.5
2025-07-02,Captain Phillips,2013,https://boxd.it/3GPK,4
2025-07-02,Sorry to Bother You,2018,https://boxd.it/f21E,3
2025-07-02,Tune in for Love,2019,https://boxd.it/kVUO,3.5
2025-07-02,Hope,2019,https://boxd.it/mNCw,4
2025-07-02,Headhunters,2011,https://boxd.it/2sWA,3.5
2025-07-02,Widows,2018,https://boxd.it/e6gc,3.5
2025-07-02,Shot Caller,2017,https://boxd.it/bihA,3.5
2025-07-02,"The Gangster, the Cop, the Devil",2019,https://boxd.it/lnuk,3
2025-07-02,Hostiles,2017,https://boxd.it/dpiO,3.5
2025-07-02,Bridge of Spies,2015,https://boxd.it/9n9C,3
2025-07-02,Ip Man 2,2010,https://boxd.it/18gs,3.5
2025-07-02,Ip Man,2008,https://boxd.it/1NrQ,4
2025-07-02,Macbeth,2015,https://boxd.it/6FE8,3
2025-07-02,Split,2016,https://boxd.it/dgSy,4
2025-07-02,Flight,2012,https://boxd.it/35Ca,3.5
2025-07-02,War Dogs,2016,https://boxd.it/9SlO,3.5
2025-07-02,The King,2019,https://boxd.it/ieZs,3
2025-07-02,The Equalizer,2014,https://boxd.it/4TUK,3.5
2025-07-02,Star Trek Into Darkness,2013,https://boxd.it/uYE,3.5
2025-07-02,Now You See Me,2013,https://boxd.it/2Bsu,3.5
2025-07-02,Pacific Rim,2013,https://boxd.it/2cB2,3
2025-07-02,The Grey,2011,https://boxd.it/2xZE,3.5
2025-07-02,Allied,2016,https://boxd.it/cP42,3
2025-07-02,Star Trek Beyond,2016,https://boxd.it/5Ik4,3
2025-07-02,The Platform,2019,https://boxd.it/mUm6,4
2025-07-02,Jack Reacher,2012,https://boxd.it/2BUo,3.5
2025-07-02,A Dangerous Method,2011,https://boxd.it/IYo,3
2025-07-02,Crown Vic,2019,https://boxd.it/j3r2,3.5
2025-07-02,The Highwaymen,2019,https://boxd.it/i4ie,3
2025-07-02,Psychobitch,2019,https://boxd.it/l0gE,3
2025-07-02,Oblivion,2013,https://boxd.it/2Bzq,3.5
2025-07-02,Skin,2018,https://boxd.it/jMiY,3.5
2025-07-02,The Words,2012,https://boxd.it/2Wpw,3
2025-07-02,Hours,2013,https://boxd.it/5jIU,4
2025-07-02,Alien: Covenant,2017,https://boxd.it/49UY,3.5
2025-07-02,The Hangover Part II,2011,https://boxd.it/PZI,3.5
2025-07-02,Now You See Me 2,2016,https://boxd.it/99fw,3
2025-07-02,The Emperor of Paris,2018,https://boxd.it/hcBc,3.5
2025-07-02,In Time,2011,https://boxd.it/FPS,3.5
2025-07-02,The Wolverine,2013,https://boxd.it/2CWU,3
2025-07-02,Iron Man 2,2010,https://boxd.it/1WZM,3
2025-07-02,The Vanishing,2018,https://boxd.it/g18m,3
2025-07-02,Man on a Ledge,2012,https://boxd.it/FQm,3
2025-07-02,The Monuments Men,2014,https://boxd.it/4OxQ,3
2025-07-02,RED 2,2013,https://boxd.it/4E4E,3
2025-07-02,RED,2010,https://boxd.it/13uu,3
2025-07-02,Dune: Part Two,2024,https://boxd.it/pUfA,5
2025-07-02,Poor Things,2023,https://boxd.it/tNWU,4
2025-07-02,The Brutalist,2024,https://boxd.it/k4BO,4
2025-07-02,Dune,2021,https://boxd.it/fA7G,4.5
2025-07-02,Prison 77,2022,https://boxd.it/yq4U,3.5
2025-07-02,The Power of the Dog,2021,https://boxd.it/m99E,3
2025-07-02,The Disciple,2020,https://boxd.it/riwi,3
2025-07-02,Plan 75,2022,https://boxd.it/Ac0I,4
2025-07-02,The Old Oak,2023,https://boxd.it/AEng,4
2025-07-02,Swan Song,2021,https://boxd.it/sL7S,3
2025-07-02,The Menu,2022,https://boxd.it/lScm,3.5
2025-07-02,Asteroid City,2023,https://boxd.it/s3ds,4
2025-07-02,The Conference,2022,https://boxd.it/ydjs,3
2025-07-02,Servants,2020,https://boxd.it/lujy,3
2025-07-02,Tenet,2020,https://boxd.it/leq4,3.5
2025-07-02,The Killer,2023,https://boxd.it/u6WE,3.5
2025-07-02,The Night Doctor,2020,https://boxd.it/qEu2,3.5
2025-07-02,Wrath of Man,2021,https://boxd.it/nEia,3
2025-07-02,The Roundup: Punishment,2024,https://boxd.it/Cseq,3
2025-07-02,The Roundup: No Way Out,2023,https://boxd.it/A4E6,3
2025-07-02,The Three Musketeers: Milady,2023,https://boxd.it/vSti,3
2025-07-02,Lady Chatterley's Lover,2022,https://boxd.it/uF8O,3
2025-07-02,The Pale Blue Eye,2022,https://boxd.it/u8tk,3
2025-07-02,See How They Run,2022,https://boxd.it/sNVq,3
2025-07-02,Ambulance,2022,https://boxd.it/sFxg,3
2025-07-02,The Instigators,2024,https://boxd.it/E4jA,3
2025-12-14,The Fallen Idol,1948,https://boxd.it/1BzI,5
2025-12-14,Late Spring,1949,https://boxd.it/1DkK,5
2025-12-14,"Léon Morin, Priest",1961,https://boxd.it/5O0,5
2025-12-14,La Jetée,1962,https://boxd.it/29Sk,5
2025-12-14,The Third Man,1949,https://boxd.it/294E,4.5
2025-12-14,Oppenheimer,2023,https://boxd.it/wUow,5
2025-12-14,Whisper of the Heart,1995,https://boxd.it/17uy,5
2026-01-05,One Battle After Another,2025,https://boxd.it/DUHM,5
2026-01-05,Alien: Romulus,2024,https://boxd.it/zGqO,3.5
2026-01-05,The Holdovers,2023,https://boxd.it/vHza,4
2026-01-05,The Zone of Interest,2023,https://boxd.it/gJsA,5
2026-01-05,Anatomy of a Fall,2023,https://boxd.it/yuDE,4.5
2026-01-05,BEEF,2023,https://boxd.it/FPsm,4.5
2026-01-05,Past Lives,2023,https://boxd.it/oNB8,5
2026-01-05,Scrapper,2023,https://boxd.it/zht4,4
2026-01-05,All Quiet on the Western Front,2022,https://boxd.it/H08,4.5
2026-01-05,Glass Onion,2022,https://boxd.it/oCkK,4
2026-01-05,Riders of Justice,2020,https://boxd.it/oHQc,4
2026-01-05,The White Tiger,2021,https://boxd.it/nhg6,3.5
2026-01-05,Nomadland,2020,https://boxd.it/lnRy,4.5
2026-01-05,Normal People,2020,https://boxd.it/q2VY,5
2026-01-05,Shiva Baby,2020,https://boxd.it/oIv0,3.5
2026-01-05,Palm Springs,2020,https://boxd.it/lCXQ,3.5
2026-01-05,Corpus Christi,2019,https://boxd.it/gULy,4
2026-01-05,Martin Eden,2019,https://boxd.it/lqNO,4
2026-01-05,A Rainy Day in New York,2019,https://boxd.it/h2z6,3.5
2026-01-05,Us,2019,https://boxd.it/gnV6,4
2026-01-05,Cold Pursuit,2019,https://boxd.it/fA80,3
2026-01-05,The House That Jack Built,2018,https://boxd.it/dWO4,4
2026-01-05,Dunkirk,2017,https://boxd.it/d0Y6,3.5
2026-01-05,T2 Trainspotting,2017,https://boxd.it/5vTA,3.5
2026-01-05,Rogue One: A Star Wars Story,2016,https://boxd.it/aPvy,4
2026-01-05,Columbus,2017,https://boxd.it/eCuA,4
2026-01-05,Doctor Strange,2016,https://boxd.it/8MH8,3
2026-01-05,Fantastic Beasts and Where to Find Them,2016,https://boxd.it/7FPC,3.5
2026-01-05,Hacksaw Ridge,2016,https://boxd.it/azew,3
2026-01-05,The Nice Guys,2016,https://boxd.it/94Hg,4
2026-01-05,War and Peace,2016,https://boxd.it/daU4,4.5
2026-01-05,Tashi and the Monk,2015,https://boxd.it/bWse,4.5
2026-01-05,The Man from U.N.C.L.E.,2015,https://boxd.it/67lG,3
2026-01-05,Irrational Man,2015,https://boxd.it/8JOq,3
2026-01-05,12 Angry Men,1957,https://boxd.it/2auI,4.5
2026-01-05,Paths of Glory,1957,https://boxd.it/29b6,5
2026-01-05,GoodFellas,1990,https://boxd.it/29FA,3.5
2026-01-05,The Apartment,1960,https://boxd.it/2aGE,4.5
2026-01-05,Interstellar,2014,https://boxd.it/4VZ8,4
2026-01-05,The Wages of Fear,1953,https://boxd.it/2aSK,5
2026-01-05,M,1931,https://boxd.it/29vq,5
2026-01-05,Sorcerer,1977,https://boxd.it/14J6,4.5
2026-01-05,Some Like It Hot,1959,https://boxd.it/2aNA,4.5
2026-01-05,Sweet Smell of Success,1957,https://boxd.it/29aW,4.5
2026-01-05,Demons,1971,https://boxd.it/3yiy,4
2026-01-05,The Grand Budapest Hotel,2014,https://boxd.it/3ZqO,4
2026-01-05,The Shop on Main Street,1965,https://boxd.it/1uSI,5
2026-01-05,Trainspotting,1996,https://boxd.it/29XY,4.5
2026-01-05,Your Name.,2016,https://boxd.it/cUqs,4
2026-01-05,Casino,1995,https://boxd.it/2ads,3.5
2026-01-05,Early Summer,1951,https://boxd.it/E4G,4
2026-01-05,Unforgiven,1992,https://boxd.it/6Z4,4
2026-01-05,Full Metal Jacket,1987,https://boxd.it/2a1Q,4
2026-01-05,Stand by Me,1986,https://boxd.it/2aOe,4.5
2026-01-05,Forrest Gump,1994,https://boxd.it/728,4.5
2026-01-05,Star Wars,1977,https://boxd.it/72s,4.5
2026-01-05,Silenced,2011,https://boxd.it/2QGG,4.5
2026-01-05,Sanjuro,1962,https://boxd.it/1TaQ,4.5
2026-01-05,The Ox-Bow Incident,1943,https://boxd.it/29ai,4
2026-01-05,In Cold Blood,1967,https://boxd.it/1G62,4
2026-01-05,Rocky,1976,https://boxd.it/28Uk,4
2026-01-05,Blade Runner,1982,https://boxd.it/2bcA,4
2026-01-05,"Black Cat, White Cat",1998,https://boxd.it/295s,4
2026-01-05,The Sixth Sense,1999,https://boxd.it/29Js,4
2026-01-05,Nightcrawler,2014,https://boxd.it/780m,4.5
2026-01-05,His Girl Friday,1940,https://boxd.it/25M8,4.5
2026-01-05,The Valley of the Bees,1968,https://boxd.it/1uSe,4
2026-01-05,Naked,1993,https://boxd.it/1BT4,5
2026-01-05,The Wind That Shakes the Barley,2006,https://boxd.it/293Q,4.5
2026-01-05,The Chaser,2008,https://boxd.it/1PgU,4
2026-01-05,Decision to Leave,2022,https://boxd.it/qp9e,4
2026-01-05,Cape Fear,1962,https://boxd.it/1U4a,4.5
2026-01-05,Le Doulos,1962,https://boxd.it/1CVg,4
2026-01-05,The Last Detail,1973,https://boxd.it/1Nbe,3.5
2026-01-05,Funny Games,1997,https://boxd.it/1WKM,4.5
2026-01-05,Treasure Planet,2002,https://boxd.it/1Znm,4
2026-01-05,Red Rooms,2023,https://boxd.it/ym4c,4
2026-01-05,A Perfect World,1993,https://boxd.it/1Yng,4.5
2026-01-05,Blood Simple,1984,https://boxd.it/1U16,4
2026-01-05,Jackie Brown,1997,https://boxd.it/2aVO,4
2026-01-05,With You The World Is Fun,1983,https://boxd.it/CEs,4
2026-01-05,Mystic River,2003,https://boxd.it/2aAG,5
2026-01-05,Joker,2019,https://boxd.it/h4cS,4
2026-01-05,The Driver,1978,https://boxd.it/27jW,4
2026-01-05,Modern Times,1936,https://boxd.it/25MC,4.5
2026-01-05,All Quiet on the Western Front,1930,https://boxd.it/2b2g,4
2026-01-05,The Lady Vanishes,1938,https://boxd.it/29ea,4
2026-01-05,People on Sunday,1930,https://boxd.it/2ax8,4
2026-01-05,Earth,1930,https://boxd.it/MP6,4
2026-01-05,Imperial and Royal Field Marshal,1930,https://boxd.it/kxy,3
2026-01-05,Dědečkem proti své vůli,1939,https://boxd.it/chn0,3.5
2026-01-05,Business in Distress,1931,https://boxd.it/6Jr8,3.5
2026-01-05,Cash Claim Chaos,1939,https://boxd.it/5jtK,3
2026-01-05,Duchacek Will Fix It,1938,https://boxd.it/4YYW,3.5
2026-01-05,Long Live the Dead Man,1935,https://boxd.it/5FO6,3
2026-01-05,Kristian,1939,https://boxd.it/CPK,3
2026-01-05,Bringing Up Baby,1938,https://boxd.it/29ks,3.5
2026-01-05,Na tý louce zelený,1936,https://boxd.it/mgls,3
2026-01-05,The Rules of the Game,1939,https://boxd.it/29Es,4
2026-01-05,It Happened One Night,1934,https://boxd.it/25Ng,4
2026-01-05,The Goddess,1934,https://boxd.it/3M8W,4.5
2026-01-05,Holiday,1938,https://boxd.it/1Ks2,3.5
2026-01-05,Young and Innocent,1937,https://boxd.it/26lM,3
2026-01-05,City Lights,1931,https://boxd.it/29ki,5
2026-01-05,Grand Illusion,1937,https://boxd.it/29Ei,4.5
2026-01-05,The Story of the Last Chrysanthemum,1939,https://boxd.it/O1i,4
2026-01-05,Trouble in Paradise,1932,https://boxd.it/2aU2,4.5
2026-01-05,Man with a Movie Camera,1929,https://boxd.it/1u7s,4.5
2026-01-05,The Gold Rush,1925,https://boxd.it/29ce,4.5
2026-01-05,The Phantom Carriage,1921,https://boxd.it/l4s,4
2026-01-05,The Circus,1928,https://boxd.it/1orm,4
2026-01-05,Strike,1925,https://boxd.it/QFk,3.5
2026-01-05,Our Hospitality,1923,https://boxd.it/29Mm,3
2026-01-05,Nosferatu,1922,https://boxd.it/29TM,4
2026-01-05,The End of St. Petersburg,1927,https://boxd.it/3Bki,3
2026-01-05,Battleship Potemkin,1925,https://boxd.it/29Vo,4.5
2026-01-05,Sherlock Jr.,1924,https://boxd.it/298m,4
2026-01-05,Metropolis,1927,https://boxd.it/71a,5
2026-01-05,The Cameraman,1928,https://boxd.it/1jag,4.5
2026-01-05,Safety Last!,1923,https://boxd.it/1AkW,4
2026-01-05,The General,1926,https://boxd.it/29co,4
2026-01-05,I Married a Witch,1942,https://boxd.it/1uJG,4
2026-01-05,The Station Master,1941,https://boxd.it/2qa,3
2026-01-05,The Last of the Mohicans,1947,https://boxd.it/aGoe,3
2026-01-05,A Charming Man,1941,https://boxd.it/aHzM,4
2026-01-05,Fish out of Water,1942,https://boxd.it/2TPm,2.5
2026-01-05,The Catacombs,1940,https://boxd.it/4YYs,2.5
2026-01-05,Drunken Angel,1948,https://boxd.it/1uYQ,3.5
2026-01-05,Shadow of a Doubt,1943,https://boxd.it/1BtA,3
2026-01-05,Notorious,1946,https://boxd.it/2aDK,3.5
2026-01-05,The Naked City,1948,https://boxd.it/1DpU,2.5
2026-01-05,The Stranger,1946,https://boxd.it/1DP4,3.5
2026-01-05,Distant Journey,1949,https://boxd.it/5PIi,3.5
2026-01-05,Chalk and Cheese,1941,https://boxd.it/a7oS,3
2026-01-05,Krakatit,1948,https://boxd.it/KQ2,4
2026-01-05,The Girl in Blue,1940,https://boxd.it/bmnW,2.5
2026-01-05,Shoeshine,1946,https://boxd.it/UoM,4.5
2026-01-05,Arsenic and Old Lace,1944,https://boxd.it/2aRW,4
2026-01-05,Bicycle Thieves,1948,https://boxd.it/23hW,5
2026-01-06,Army of Shadows,1969,https://boxd.it/1Mli,4
2026-01-06,Z,1969,https://boxd.it/26pY,4.5
2026-01-06,Red Beard,1965,https://boxd.it/251m,5
2026-01-06,Woman in the Dunes,1964,https://boxd.it/1JNS,4.5
2026-01-06,The House Is Black,1963,https://boxd.it/STe,5
2026-01-06,La Dolce Vita,1960,https://boxd.it/2anC,4.5
2026-01-06,Psycho,1960,https://boxd.it/2ab2,4
2026-01-06,The Wild Bunch,1969,https://boxd.it/2a5y,3.5
2026-01-06,The Hustler,1961,https://boxd.it/298G,3.5
2026-01-06,The Great Escape,1963,https://boxd.it/22kA,4
2026-01-06,Divorce Italian Style,1961,https://boxd.it/1DNs,3.5
2026-01-06,Pale Flower,1964,https://boxd.it/dGS,3.5
2026-01-06,My Night at Maud's,1969,https://boxd.it/Hwo,4
2026-01-06,For a Few Dollars More,1965,https://boxd.it/29eu,3.5
2026-01-06,The Face of Another,1966,https://boxd.it/1nso,4
2026-01-06,Kes,1969,https://boxd.it/1Qi8,5
2026-01-06,Il Posto,1961,https://boxd.it/1iqC,4
2026-01-06,Closely Watched Trains,1966,https://boxd.it/29Cm,4.5
2026-01-06,Seduced and Abandoned,1964,https://boxd.it/W1q,3.5
2026-01-06,Boy,1969,https://boxd.it/3xKQ,4
2026-01-06,A Woman Is a Woman,1961,https://boxd.it/1iUC,3.5
2026-01-06,Contempt,1963,https://boxd.it/2aJe,3.5
2026-01-06,The Birds,1963,https://boxd.it/2a6m,3
2026-01-06,Alphaville,1965,https://boxd.it/20AG,3
2026-01-06,The Sucker,1965,https://boxd.it/1uXS,3
2026-01-06,The Firemen's Ball,1967,https://boxd.it/15Yc,4
2026-01-06,The Collector,1965,https://boxd.it/W8Q,3.5
2026-01-06,Loves of a Blonde,1965,https://boxd.it/13NG,4.5
2026-01-06,Le Gendarme de Saint-Tropez,1964,https://boxd.it/23Uk,3.5
2026-01-06,Take the Money and Run,1969,https://boxd.it/1TJQ,3
2026-01-06,A Bullet for the General,1967,https://boxd.it/18ym,3
2026-01-06,Blow-Up,1966,https://boxd.it/2966,3.5
2026-01-06,Death Is Called Engelchen,1963,https://boxd.it/6ITq,3.5
2026-01-06,Black Peter,1964,https://boxd.it/LPO,3
2026-01-06,The Party,1968,https://boxd.it/1VnC,2.5
2026-01-06,Riders in the Sky,1968,https://boxd.it/1IQ2,2.5
2026-01-06,The Jungle Book,1967,https://boxd.it/1YY2,3
2026-01-06,Where Eagles Dare,1968,https://boxd.it/1UM2,3
2026-01-06,Squandered Sunday,1969,https://boxd.it/7yZq,3.5
2026-01-06,Tom Jones,1963,https://boxd.it/22Ao,2.5
2026-01-06,Hibernatus,1969,https://boxd.it/26GA,3.5
2026-01-06,God Forgives... I Don't!,1967,https://boxd.it/YXG,3.5
2026-01-06,The Restaurant,1966,https://boxd.it/1EWU,2.5
2026-01-06,Jak se krade milión,1967,https://boxd.it/iYaU,4
2026-01-06,Don Camillo in Moscow,1965,https://boxd.it/172a,3
2026-01-06,Darbujan and Pandrhola,1960,https://boxd.it/3RQY,3
2026-01-06,The Junk Shop,1965,https://boxd.it/3XyG,3
2026-01-06,The Unfortunate Bridegroom,1967,https://boxd.it/aCTi,2.5
2026-01-06,The Exchange Student,1967,https://boxd.it/1Tdq,3
2026-01-06,The Little Bather,1968,https://boxd.it/MFq,2.5
2026-01-06,Let's Rob the Bank,1964,https://boxd.it/np8,3
2026-01-06,Crime at the Girls School,1966,https://boxd.it/kccM,2.5
2026-01-06,Audition,1964,https://boxd.it/I5e,2.5
2026-01-06,Nahá pastýřka,1966,https://boxd.it/fkMe,2.5
2026-01-06,Cartouche,1962,https://boxd.it/1t0g,2.5
2026-01-06,Magnet of Doom,1963,https://boxd.it/2vfO,2.5
2026-01-06,The Pink Panther,1963,https://boxd.it/29eO,3.5
2026-01-06,Le Trou,1960,https://boxd.it/1nSw,4.5
2026-01-06,Fail Safe,1964,https://boxd.it/2afS,4
2026-01-06,L'Eclisse,1962,https://boxd.it/1CoG,3.5
2026-01-06,Onibaba,1964,https://boxd.it/252a,3.5
2026-01-06,Days of Wine and Roses,1962,https://boxd.it/1h4A,3.5
2026-01-06,The Trial of Joan of Arc,1962,https://boxd.it/HGe,3.5
2026-01-06,West Side Story,1961,https://boxd.it/28dK,3
2026-01-06,The Fifth Horseman Is Fear,1965,https://boxd.it/3GpC,4.5
2026-01-06,The Hope,1964,https://boxd.it/dJyi,3
2026-01-06,Only on Mondays,1964,https://boxd.it/3Hw0,2.5
2026-01-06,The Fortune Cookie,1966,https://boxd.it/27W0,2.5
2026-01-06,Shoot the Piano Player,1960,https://boxd.it/285w,3.5
2026-01-06,Nobody Will Laugh,1966,https://boxd.it/7Jlc,2.5
2026-01-06,Úplně vyřízený chlap,1965,https://boxd.it/olVa,2.5
2026-01-06,Pearls of the Deep,1965,https://boxd.it/3AXI,3
2026-01-06,Don Camillo: Monsignor,1961,https://boxd.it/1Tva,3
2026-01-06,The Return of the Prodigal Son,1967,https://boxd.it/3xMC,2.5
2026-01-06,Fantomas,1964,https://boxd.it/27YA,2.5
2026-01-06,Crime in the Night Club,1968,https://boxd.it/5QTw,2.5
2026-01-06,Fantomas Unleashed,1965,https://boxd.it/27YK,2.5
2026-01-06,Fear,1964,https://boxd.it/8MA2,3
2026-01-06,"I, Mournful God",1969,https://boxd.it/emhK,3
2026-01-06,The Gendarme Gets Married,1968,https://boxd.it/23U0,3
2026-01-06,Hang 'em High,1968,https://boxd.it/23Ec,2.5
2026-01-06,Fantomas vs. Scotland Yard,1967,https://boxd.it/27XW,2.5
2026-01-06,Capricious Summer,1968,https://boxd.it/LkQ,3
2026-01-06,The Gendarme in New York,1965,https://boxd.it/23Ua,3
2026-01-06,Seven Samurai,1954,https://boxd.it/2axi,5
2026-01-06,Night and Fog,1956,https://boxd.it/29A6,5
2026-01-06,Pickpocket,1959,https://boxd.it/29O8,4
2026-01-06,3:10 to Yuma,1957,https://boxd.it/1OCU,3.5
2026-01-06,Mon Oncle,1958,https://boxd.it/2apy,3.5
2026-01-06,Touch of Evil,1958,https://boxd.it/28II,3
2026-01-06,North by Northwest,1959,https://boxd.it/2aRM,2.5
2026-01-06,The Burmese Harp,1956,https://boxd.it/1fKa,3.5
2026-01-06,The Life of Oharu,1952,https://boxd.it/UFy,4.5
2026-01-06,Tokyo Twilight,1957,https://boxd.it/sq6,3.5
2026-01-06,The Seventh Seal,1957,https://boxd.it/2ahO,4.5
2026-01-06,The 400 Blows,1959,https://boxd.it/2b1C,4.5
2026-01-06,Ace in the Hole,1951,https://boxd.it/1vXk,4
2026-01-06,Shadows,1958,https://boxd.it/1M9c,3.5
2026-01-06,The Princess with the Golden Star,1959,https://boxd.it/A9W,3
2026-01-06,The Cousins,1959,https://boxd.it/26RI,3
2026-01-06,Angel in the Mountains,1955,https://boxd.it/19kK,3
2026-01-06,The Brothers Karamazov,1958,https://boxd.it/Vci,3.5
2026-01-06,The Seven Year Itch,1955,https://boxd.it/1VIK,2.5
2026-01-06,Holiday with Angel,1953,https://boxd.it/4hYE,3
2026-01-06,I Dutifully Report,1958,https://boxd.it/44qa,3.5
2026-01-06,The Good Soldier Švejk,1957,https://boxd.it/44qk,3.5
2026-01-06,"Once Upon a Time, There Was a King...",1955,https://boxd.it/FHk,3.5
2026-01-06,The Return of Don Camillo,1953,https://boxd.it/1Tvu,3
2026-01-06,The Emperor and the Golem,1952,https://boxd.it/19v4,4.5
2026-01-06,Cinderella,1950,https://boxd.it/1Uki,3
2026-01-06,The Proud Princess,1952,https://boxd.it/ZSM,3.5
2026-01-06,Peter Pan,1953,https://boxd.it/1VCC,2.5
2026-01-06,Diary of a Country Priest,1951,https://boxd.it/UDC,4
2026-01-06,The Big Heat,1953,https://boxd.it/1NNM,3.5
2026-01-06,High Noon,1952,https://boxd.it/2aGa,3.5
2026-01-06,The Searchers,1956,https://boxd.it/25HC,3.5
2026-01-06,Hiroshima Mon Amour,1959,https://boxd.it/22WY,4
2026-01-06,Ordet,1955,https://boxd.it/Jiy,4
2026-01-06,Ugetsu,1953,https://boxd.it/1NyM,4
2026-01-06,Summer with Monika,1953,https://boxd.it/JZC,4
2026-01-06,Alice in Wonderland,1951,https://boxd.it/1Sz6,3.5
2026-01-06,The Little World of Don Camillo,1952,https://boxd.it/1SDC,3.5
2026-01-06,Monsieur Hulot's Holiday,1953,https://boxd.it/29E8,3.5
2026-01-06,No Way Out,1950,https://boxd.it/1pBC,3.5
2026-01-06,Stalag 17,1953,https://boxd.it/29Xa,3.5
2026-01-06,Sansho the Bailiff,1954,https://boxd.it/1Dkq,4.5
2026-01-06,Tokyo Story,1953,https://boxd.it/1HuY,5
2026-01-06,The Hitch-Hiker,1953,https://boxd.it/ZjC,4
2026-01-06,Killer's Kiss,1955,https://boxd.it/1Xcc,2.5
2026-01-06,Around the World in 80 Days,1956,https://boxd.it/268I,2.5
2026-01-06,Gigi,1958,https://boxd.it/1IT6,2.5
2026-01-06,The Greatest Show on Earth,1952,https://boxd.it/1smA,2.5
2026-01-06,Fear,1954,https://boxd.it/3lmi,2.5
2026-01-06,Neither Seen Nor Recognized,1958,https://boxd.it/RKA,3
2026-01-06,Manhattan,1979,https://boxd.it/29Na,4
2026-01-06,Bring Me the Head of Alfredo Garcia,1974,https://boxd.it/1SIs,3
2026-01-06,The Ear,1970,https://boxd.it/38Sg,3
2026-01-06,The Castle of Cagliostro,1979,https://boxd.it/1Mn4,3
2026-01-06,The Working Class Goes to Heaven,1971,https://boxd.it/pCe,4
2026-01-06,Monty Python and the Holy Grail,1975,https://boxd.it/29GI,3.5
2026-01-06,McCabe & Mrs. Miller,1971,https://boxd.it/1ooC,3.5
2026-01-06,The Tree of Wooden Clogs,1978,https://boxd.it/1iRI,4
2026-01-06,Charley Varrick,1973,https://boxd.it/1s2q,3
2026-01-06,The Mad Adventures of Rabbi Jacob,1973,https://boxd.it/29H2,3
2026-01-06,Witchhammer,1970,https://boxd.it/akE,3
2026-01-06,"Duck, You Sucker",1971,https://boxd.it/2ayU,3
2026-01-06,The Getaway,1972,https://boxd.it/22lS,3.5
2026-01-06,"Joachim, Put It in the Machine",1974,https://boxd.it/6UjY,3.5
2026-01-06,The Toy,1976,https://boxd.it/oAQ,2.5
2026-01-06,"Four Murders Are Enough, Darling",1971,https://boxd.it/B9e,2.5
2026-01-06,The Tall Blond Man with One Black Shoe,1972,https://boxd.it/1Szq,2.5
2026-01-06,Avanti!,1972,https://boxd.it/1RMo,3
2026-01-06,My Name Is Nobody,1973,https://boxd.it/1YAE,3
2026-01-06,Tomorrow I'll Wake Up and Scald Myself with Tea,1977,https://boxd.it/Br8,2.5
2026-01-06,The Magnificent One,1973,https://boxd.it/1EVs,3
2026-01-06,"We'll Kick Up a Fuss Tomorrow, Darling...",1976,https://boxd.it/47iy,3
2026-01-06,Hogo Fogo Homolka,1971,https://boxd.it/4ysU,3
2026-01-06,The Return of the Pink Panther,1975,https://boxd.it/1SXi,2.5
2026-01-06,Crime Busters,1977,https://boxd.it/1Teo,2.5
2026-01-06,Odds and Evens,1978,https://boxd.it/1U1g,2.5
2026-01-06,Sváko Ragan,1976,https://boxd.it/NcO0,3.5
2026-01-06,Buffet Froid,1979,https://boxd.it/15YG,2.5
2026-01-06,Summer with a Cowboy,1976,https://boxd.it/jXK,3
2026-01-06,The Outside Man,1972,https://boxd.it/J9w,2.5
2026-01-06,"Do We Match Each Other, Darling?",1975,https://boxd.it/6Q4U,3
2026-01-06,They Called Him Bulldozer,1978,https://boxd.it/1UwI,2.5
2026-01-06,I'm for the Hippopotamus,1979,https://boxd.it/1Zl6,3
2026-01-06,Hunter Will Get You,1976,https://boxd.it/1TG8,2.5
2026-01-06,Killing the Devil,1970,https://boxd.it/7XkW,2.5
2026-01-06,The Return of the Tall Blond Man with One Black Shoe,1974,https://boxd.it/1V1Q,3.5
2026-01-06,The Wild Goose Chase,1975,https://boxd.it/16N0,3.5
2026-01-06,Holy Year,1976,https://boxd.it/4BQq,3
2026-01-06,The Gendarme Takes Off,1970,https://boxd.it/1SMO,2.5
2026-01-06,Flatfoot in Hong Kong,1975,https://boxd.it/1UKU,2.5
2026-01-06,Charleston,1977,https://boxd.it/N9g,3
2026-01-06,Solaris,1972,https://boxd.it/2a2Y,4.5
2026-01-06,Sleeper,1973,https://boxd.it/1Tye,2.5
2026-01-06,"How to Drown Dr. Mracek, the Lawyer",1975,https://boxd.it/1ZUU,3.5
2026-01-06,"Marecek, Pass Me the Pen!",1976,https://boxd.it/2yme,4
2026-01-06,Come and See,1985,https://boxd.it/1w9q,5
2026-01-06,Cinema Paradiso,1988,https://boxd.it/1UlA,4.5
2026-01-06,The Sacrifice,1986,https://boxd.it/1xg8,4.5
2026-01-06,"Paris, Texas",1984,https://boxd.it/29Ts,5
2026-01-06,The Thing,1982,https://boxd.it/294O,4
2026-01-06,Back to the Future,1985,https://boxd.it/2b8e,4
2026-01-06,Raging Bull,1980,https://boxd.it/28yI,4
2026-01-06,The Shining,1980,https://boxd.it/29Nu,4
2026-01-06,When Harry Met Sally...,1989,https://boxd.it/29W2,3.5
2026-01-06,Down by Law,1986,https://boxd.it/28CA,4
2026-01-06,On the Silver Globe,1988,https://boxd.it/1sAM,4
2026-01-06,The Last Temptation of Christ,1988,https://boxd.it/1ULe,4
2026-01-06,The Fly,1986,https://boxd.it/1YIe,2.5
2026-01-06,Clue,1985,https://boxd.it/1MDQ,3
2026-01-06,My Life as a Dog,1985,https://boxd.it/1ZOM,4.5
2026-01-06,My Friend Ivan Lapshin,1985,https://boxd.it/2VRE,4
2026-01-06,Missing,1982,https://boxd.it/1LTI,4
2026-01-06,Ferris Bueller's Day Off,1986,https://boxd.it/1YPY,3.5
2026-01-06,L'Argent,1983,https://boxd.it/XIg,4
2026-01-06,The Blues Brothers,1980,https://boxd.it/2adi,3
2026-01-06,Hannah and Her Sisters,1986,https://boxd.it/23jy,3.5
2026-01-06,Police Story,1985,https://boxd.it/1Zhe,3.5
2026-01-06,Return of the Jedi,1983,https://boxd.it/27Vm,4
2026-01-06,After Hours,1985,https://boxd.it/1VfS,3.5
2026-01-06,Kiki's Delivery Service,1989,https://boxd.it/1JAY,3.5
2026-01-06,The Killer,1989,https://boxd.it/1Vha,3
2026-01-06,The Secret of NIMH,1982,https://boxd.it/1Tc8,3.5
2026-01-06,The Naked Gun: From the Files of Police Squad!,1988,https://boxd.it/18YE,3
2026-01-06,Lethal Weapon,1987,https://boxd.it/29e0,2.5
2026-01-06,The Unbearable Lightness of Being,1988,https://boxd.it/1VKc,4
2026-01-06,The Mission,1986,https://boxd.it/1TTw,3.5
2026-01-06,Cruising,1980,https://boxd.it/1qzW,3
2026-01-06,Dressed to Kill,1980,https://boxd.it/1UO8,3
2026-01-06,Beverly Hills Cop,1984,https://boxd.it/2baE,3
2026-01-06,Pale Rider,1985,https://boxd.it/1ZGy,3.5
2026-01-06,My New Partner,1984,https://boxd.it/1WGU,3
2026-01-06,Wall Street,1987,https://boxd.it/1VFG,2.5
2026-01-06,The Professional,1981,https://boxd.it/28l0,3
2026-01-06,The Big Red One,1980,https://boxd.it/1KMm,3
2026-01-06,Indiana Jones and the Temple of Doom,1984,https://boxd.it/2bb8,3.5
2026-01-06,Angst,1983,https://boxd.it/1G46,3
2026-01-06,Predator,1987,https://boxd.it/2b84,4
2026-01-06,First Blood,1982,https://boxd.it/28U0,3.5
2026-01-06,Raising Arizona,1987,https://boxd.it/2avQ,3.5
2026-01-06,Itinerary of a Spoiled Child,1988,https://boxd.it/16ya,3
2026-01-06,Year of the Dragon,1985,https://boxd.it/1UQy,3
2026-01-06,Ace of Aces,1982,https://boxd.it/2qLA,3
2026-01-06,The ComDads,1983,https://boxd.it/1W9c,3
2026-01-06,The Fugitives,1986,https://boxd.it/1lPg,2.5
2026-01-06,Top Gun,1986,https://boxd.it/29JC,2.5
2026-01-06,Double Trouble,1984,https://boxd.it/1ZNu,3
2026-01-06,American Gigolo,1980,https://boxd.it/26l8,3
2026-01-06,Street Smart,1987,https://boxd.it/fyQ,3
2026-01-06,"Infidelity, Slovak Style",1981,https://boxd.it/EVf2,4
2026-01-06,New York Stories,1989,https://boxd.it/1Y3q,3
2026-01-06,Police Academy,1984,https://boxd.it/1YWg,3
2026-01-06,Le Guignolo,1980,https://boxd.it/1RKM,3.5
2026-01-06,Maniac Cop,1988,https://boxd.it/1OtS,2.5
2026-01-06,Rambo III,1988,https://boxd.it/28TG,2.5
2026-01-06,The King of Comedy,1982,https://boxd.it/2aJS,4
2026-01-06,Wings of Desire,1987,https://boxd.it/2b26,4.5
2026-01-06,Mishima: A Life in Four Chapters,1985,https://boxd.it/1sBA,4.5
2026-01-06,"Merry Christmas, Mr. Lawrence",1983,https://boxd.it/1SHu,4
2026-01-06,Rocky IV,1985,https://boxd.it/28T2,2.5
2026-01-06,My Sweet Little Village,1985,https://boxd.it/1jaq,3
2026-01-06,Big Trouble in Little China,1986,https://boxd.it/21em,2.5
2026-01-06,Uncle Buck,1989,https://boxd.it/26yG,3
2026-01-06,The Breakfast Club,1985,https://boxd.it/27q4,4
2026-01-06,A Brighter Summer Day,1991,https://boxd.it/1Luy,5
2026-01-06,Life Is Beautiful,1997,https://boxd.it/29Wm,4.5
2026-01-06,Perfect Blue,1997,https://boxd.it/1W7A,4.5
2026-01-06,Chungking Express,1994,https://boxd.it/1UDa,4.5
2026-01-06,The Wind Will Carry Us,1999,https://boxd.it/Uwc,4
2026-01-06,Sonatine,1993,https://boxd.it/20TI,4
2026-01-06,The Green Mile,1999,https://boxd.it/2agG,3.5
2026-01-06,Saving Private Ryan,1998,https://boxd.it/29ro,3.5
2026-01-06,The Hunchback of Notre Dame,1996,https://boxd.it/1VZQ,4
2026-01-06,Audition,1999,https://boxd.it/1UHm,3.5
2026-01-06,Kolya,1996,https://boxd.it/29Da,4
2026-01-06,Natural Born Killers,1994,https://boxd.it/2aNg,4
2026-01-06,Crash,1996,https://boxd.it/29n2,2.5
2026-01-06,Jumanji,1995,https://boxd.it/1ZLI,2.5
2026-01-06,Total Recall,1990,https://boxd.it/29qK,2.5
2026-01-06,Donnie Brasco,1997,https://boxd.it/1YRA,3
2026-01-06,The Talented Mr. Ripley,1999,https://boxd.it/2924,3
2026-01-06,Bad Lieutenant,1992,https://boxd.it/1Src,4
2026-01-06,Basic Instinct,1992,https://boxd.it/2asM,2.5
2026-01-06,The Devil's Advocate,1997,https://boxd.it/286k,2.5
2026-01-06,Peculiarities of the National Hunt,1995,https://boxd.it/g77O,3
2026-01-06,Black Barons,1992,https://boxd.it/1MkE,3
2026-01-06,Home Alone 2: Lost in New York,1992,https://boxd.it/29F6,3.5
2026-01-06,Peculiarities of the National Fishing,1998,https://boxd.it/1CLK,3
2026-01-06,Who Am I?,1998,https://boxd.it/1ZVI,3
2026-01-06,Down Periscope,1996,https://boxd.it/1Za8,2.5
2026-01-06,Guardian Angels,1995,https://boxd.it/BWg,2.5
2026-01-06,Godzilla,1998,https://boxd.it/29fW,3.5
2026-01-06,Rocky V,1990,https://boxd.it/28SS,2.5
2026-01-06,Alien³,1992,https://boxd.it/20zS,3.5
2026-01-06,Predator 2,1990,https://boxd.it/2aY4,2.5
2026-01-06,Lethal Weapon 4,1998,https://boxd.it/29dw,2.5
2026-01-06,Green Card,1990,https://boxd.it/1Sp6,2.5
2026-01-06,Hard Target,1993,https://boxd.it/27Ck,2.5
2026-01-06,Patch Adams,1998,https://boxd.it/1Wzk,2.5
2026-01-06,The Last Boy Scout,1991,https://boxd.it/1YYQ,2.5
2026-01-06,Sleepless in Seattle,1993,https://boxd.it/29re,3
2026-01-06,Mr. Holland's Opus,1995,https://boxd.it/27xO,3
2026-01-06,Beauty and the Beast,1991,https://boxd.it/1XhG,4
2026-01-06,Misery,1990,https://boxd.it/28gY,3.5
2026-01-06,"Khrustalyov, My Car!",1998,https://boxd.it/3rPg,4.5
2026-01-06,The Departed,2006,https://boxd.it/28MA,4
2026-01-06,No Country for Old Men,2007,https://boxd.it/21ew,4
2026-01-06,Secret Sunshine,2007,https://boxd.it/27CY,4.5
2026-01-06,Zodiac,2007,https://boxd.it/27MO,4
2026-01-06,The Piano Teacher,2001,https://boxd.it/2886,4
